id,range_names,GPU Elapsed Time
1,Draw,11
2,Draw,10.52
3,Draw,7.24
4,Draw,6.52
5,Draw,10.2
6,Draw,6.04
7,Draw,11.8
8,Draw,7.28
9,Draw,5.72
10,Draw,6.44
11,Draw,5.8
12,Draw,5.88
13,Draw,21.44
14,Draw,6.08
15,Draw,18.36
16,Draw,6.24
17,Draw,5.48
18,Draw,5.8
19,Draw,6.12
20,Draw,5.48
21,Draw,5.64
22,Draw,5.96
23,Draw,6
24,Draw,5.72
25,Draw,5.8
26,Draw,10.32
27,Draw,6.04
28,Draw,11.2
29,Draw,7.08
30,Draw,6.28
31,Draw,5.84
32,Draw,7.28
33,Draw,7.88
34,Draw,36.96
35,ClearRenderTargetView,104.84
36,DrawIndexed,13.64
37,DrawIndexed,8.48
38,ClearRenderTargetView,0.6
39,ClearDepthStencilView,0.56
40,CopySubresourceRegion,9.76
41,ClearRenderTargetView,7.92
42,ClearRenderTargetView,7.64
43,ClearRenderTargetView,7.64
44,ClearRenderTargetView,7.64
45,ClearDepthStencilView,10.6
46,DrawIndexedInstanced,916.52
47,DrawIndexedInstanced,1370.08
48,DrawIndexedInstanced,109.92
49,DrawIndexedInstanced,181.12
50,DrawIndexedInstanced,479.52
51,DrawIndexedInstanced,119.92
52,DrawIndexedInstanced,224.88
53,DrawIndexedInstanced,688.92
54,DrawIndexedInstanced,471.36
55,DrawIndexedInstanced,589.2
56,DrawIndexedInstanced,2676.64
57,DrawIndexed,16.16
58,DrawIndexed,20.2
59,DrawIndexed,59.76
60,DrawIndexed,18
61,DrawIndexed,13.48
62,DrawIndexed,6.32
63,DrawIndexed,6.2
64,DrawIndexed,6.04
65,DrawIndexed,12.88
66,DrawIndexed,5.44
67,DrawIndexed,14.32
68,DrawIndexed,15.36
69,DrawIndexed,14.2
70,DrawIndexed,14.32
71,DrawIndexed,14.88
72,DrawIndexed,15.68
73,DrawIndexed,15.28
74,DrawIndexed,15.68
75,DrawIndexed,16.88
76,DrawIndexed,15.64
77,DrawIndexed,16.08
78,DrawIndexed,16.2
79,DrawIndexed,15.88
80,DrawIndexed,15.32
81,DrawIndexed,15.92
82,DrawIndexed,15.64
83,DrawIndexed,16.08
84,DrawIndexed,14.24
85,DrawIndexed,16.88
86,DrawIndexed,14.84
87,DrawIndexed,15.44
88,DrawIndexed,17.04
89,DrawIndexed,15.24
90,DrawIndexed,13.72
91,DrawIndexed,13.2
92,DrawIndexed,11.52
93,DrawIndexed,28.88
94,DrawIndexed,9.96
95,DrawIndexed,9.44
96,DrawIndexed,9.48
97,DrawIndexed,8.84
98,DrawIndexed,8.92
99,DrawIndexed,5.6
100,DrawIndexed,5.84
101,DrawIndexed,6.04
102,DrawIndexed,5.6
103,DrawIndexed,5.72
104,DrawIndexed,23.72
105,DrawIndexed,17.36
106,DrawIndexed,15.28
107,DrawIndexed,18.08
108,DrawIndexed,18.52
109,DrawIndexed,15.16
110,DrawIndexed,14.08
111,DrawIndexed,16.04
112,DrawIndexed,15
113,DrawIndexed,15.08
114,DrawIndexed,14.72
115,DrawIndexed,14.96
116,DrawIndexed,13.88
117,DrawIndexed,14.92
118,DrawIndexed,15.8
119,DrawIndexed,17.52
120,DrawIndexed,14.68
121,DrawIndexed,14.2
122,DrawIndexed,4.28
123,DrawIndexed,14.2
124,DrawIndexed,14.84
125,DrawIndexed,14.24
126,DrawIndexed,17.72
127,DrawIndexed,14.32
128,DrawIndexed,11.24
129,DrawIndexed,48.72
130,DrawIndexed,13.04
131,DrawIndexed,9.2
132,DrawIndexed,49.48
133,DrawIndexed,9.16
134,DrawIndexed,11.4
135,DrawIndexed,8.04
136,DrawIndexed,8.16
137,DrawIndexed,49
138,DrawIndexed,10.28
139,DrawIndexed,10.28
140,DrawIndexed,11.8
141,DrawIndexed,43.84
142,DrawIndexed,79.12
143,DrawIndexed,16.36
144,DrawIndexed,12.04
145,DrawIndexed,11.84
146,DrawIndexed,11.44
147,DrawIndexed,94.24
148,DrawIndexed,49.32
149,DrawIndexed,11.92
150,DrawIndexed,71.04
151,DrawIndexed,17.88
152,DrawIndexed,10.32
153,DrawIndexed,8.88
154,DrawIndexed,9.52
155,DrawIndexed,8.32
156,DrawIndexed,45.08
157,DrawIndexed,10.72
158,DrawIndexed,13
159,DrawIndexed,9.32
160,DrawIndexed,10.08
161,DrawIndexed,10.64
162,DrawIndexed,9.28
163,DrawIndexed,7.84
164,DrawIndexed,14.32
165,DrawIndexed,78.08
166,DrawIndexed,13.72
167,DrawIndexed,10.8
168,DrawIndexed,11.48
169,DrawIndexed,11.92
170,DrawIndexed,10.72
171,DrawIndexed,9.08
172,DrawIndexed,9.28
173,DrawIndexed,8.52
174,DrawIndexed,8.96
175,DrawIndexed,45.68
176,DrawIndexed,14.16
177,DrawIndexed,9.44
178,DrawIndexed,10.04
179,DrawIndexed,9.44
180,DrawIndexed,8.76
181,DrawIndexed,13.96
182,DrawIndexed,17.56
183,DrawIndexed,9.44
184,DrawIndexed,10.64
185,DrawIndexed,8.2
186,DrawIndexed,10.56
187,DrawIndexed,10.8
188,DrawIndexed,7.48
189,DrawIndexed,9.6
190,DrawIndexed,10.28
191,DrawIndexed,9
192,DrawIndexed,74.84
193,DrawIndexed,9.84
194,DrawIndexed,12.2
195,DrawIndexed,10.08
196,DrawIndexed,12.84
197,DrawIndexed,47.8
198,DrawIndexed,9.68
199,DrawIndexed,9.52
200,DrawIndexed,8.68
201,DrawIndexed,11.48
202,DrawIndexed,14.8
203,DrawIndexed,6.2
204,DrawIndexed,15.64
205,DrawIndexed,5.2
206,DrawIndexed,9.36
207,DrawIndexed,10.28
208,DrawIndexed,6
209,DrawIndexed,7.52
210,DrawIndexed,6.12
211,DrawIndexed,8.2
212,DrawIndexed,5.76
213,DrawIndexed,0.52
214,DrawIndexed,8.4
215,DrawIndexed,6.76
216,DrawIndexed,6
217,DrawIndexed,10
218,DrawIndexed,5.76
219,DrawIndexed,5.32
220,DrawIndexed,8.28
221,DrawIndexed,5.72
222,DrawIndexed,5.56
223,DrawIndexed,8
224,DrawIndexed,7.04
225,DrawIndexed,6.48
226,DrawIndexed,8.16
227,DrawIndexed,0.52
228,DrawIndexed,8.76
229,DrawIndexed,9.04
230,DrawIndexed,6
231,DrawIndexed,5.72
232,DrawIndexed,6.08
233,DrawIndexed,8.88
234,DrawIndexed,5.72
235,DrawIndexed,5.72
236,DrawIndexed,13.8
237,DrawIndexed,8.32
238,DrawIndexed,6.76
239,DrawIndexed,5.12
240,DrawIndexed,14.92
241,DrawIndexed,0.52
242,DrawIndexed,8.16
243,DrawIndexed,7.68
244,DrawIndexed,9.72
245,DrawIndexed,5.28
246,DrawIndexed,9.36
247,DrawIndexed,11.68
248,DrawIndexed,8.48
249,DrawIndexed,21.4
250,DrawIndexed,11.76
251,DrawIndexed,6.64
252,DrawIndexed,9.04
253,DrawIndexed,8.84
254,DrawIndexed,7.8
255,DrawIndexed,0.56
256,DrawIndexed,9.84
257,DrawIndexed,0.52
258,DrawIndexed,9.2
259,DrawIndexed,5.28
260,DrawIndexed,11.92
261,DrawIndexed,5.84
262,DrawIndexed,9.64
263,DrawIndexed,7.48
264,DrawIndexed,0.56
265,DrawIndexed,8.36
266,DrawIndexed,17.52
267,DrawIndexed,5.64
268,DrawIndexed,8.52
269,DrawIndexed,5.32
270,DrawIndexed,6.12
271,DrawIndexed,5.88
272,DrawIndexed,18.36
273,DrawIndexed,5.28
274,DrawIndexed,7.24
275,DrawIndexed,23.4
276,DrawIndexed,6.84
277,DrawIndexed,9.28
278,DrawIndexed,12.52
279,DrawIndexed,5.32
280,DrawIndexed,8.76
281,DrawIndexed,6.2
282,DrawIndexed,0.56
283,DrawIndexed,8.44
284,DrawIndexed,5.96
285,DrawIndexed,4.48
286,DrawIndexed,16.16
287,DrawIndexed,5.32
288,DrawIndexed,7.2
289,DrawIndexed,6.32
290,DrawIndexed,8.92
291,DrawIndexed,11.48
292,DrawIndexed,9.08
293,DrawIndexed,8.48
294,DrawIndexed,5.72
295,DrawIndexed,0.56
296,DrawIndexed,9.12
297,DrawIndexed,7.92
298,DrawIndexed,0.6
299,DrawIndexed,14.64
300,DrawIndexed,6.84
301,DrawIndexed,9.84
302,DrawIndexed,8.88
303,DrawIndexed,9.04
304,DrawIndexed,5.76
305,DrawIndexed,5.76
306,DrawIndexed,7.12
307,DrawIndexed,0.52
308,DrawIndexed,9.04
309,DrawIndexed,5.36
310,DrawIndexed,33.32
311,DrawIndexed,10.76
312,DrawIndexed,8.52
313,DrawIndexed,0.56
314,DrawIndexed,9.84
315,DrawIndexed,11.32
316,DrawIndexed,0.56
317,DrawIndexed,9.12
318,DrawIndexed,6.32
319,DrawIndexed,7.96
320,DrawIndexed,7.12
321,DrawIndexed,8.92
322,DrawIndexed,8
323,DrawIndexed,9.6
324,DrawIndexed,9
325,DrawIndexed,9.12
326,DrawIndexed,5.4
327,DrawIndexed,5.6
328,DrawIndexed,8.8
329,DrawIndexed,8.72
330,DrawIndexed,0.6
331,DrawIndexed,7.92
332,DrawIndexed,5.32
333,DrawIndexed,0.52
334,DrawIndexed,6.88
335,DrawIndexed,8.28
336,DrawIndexed,8.88
337,DrawIndexed,7.52
338,DrawIndexed,8.56
339,DrawIndexed,5.28
340,DrawIndexed,13.36
341,DrawIndexed,11.16
342,DrawIndexed,5.4
343,DrawIndexed,12.24
344,DrawIndexed,9.92
345,DrawIndexed,7.6
346,DrawIndexed,8.44
347,DrawIndexed,6
348,DrawIndexed,0.6
349,DrawIndexed,8.92
350,DrawIndexed,5.2
351,DrawIndexed,5.44
352,DrawIndexed,5.68
353,DrawIndexed,5.24
354,DrawIndexed,8.76
355,DrawIndexed,7.2
356,DrawIndexed,0.6
357,DrawIndexed,8.2
358,DrawIndexed,8.72
359,DrawIndexed,13.64
360,DrawIndexed,10.36
361,DrawIndexed,9.8
362,DrawIndexed,0.6
363,DrawIndexed,9.76
364,DrawIndexed,7
365,DrawIndexed,9.08
366,DrawIndexed,9.96
367,DrawIndexed,10.52
368,DrawIndexed,8.28
369,DrawIndexed,11.48
370,DrawIndexed,6.68
371,DrawIndexed,8.56
372,DrawIndexed,8.72
373,DrawIndexed,5.08
374,DrawIndexed,5.88
375,DrawIndexed,5.2
376,DrawIndexed,5.52
377,DrawIndexed,0.52
378,DrawIndexed,9.04
379,DrawIndexed,5.52
380,DrawIndexed,10.36
381,DrawIndexed,7.04
382,DrawIndexed,9.28
383,DrawIndexed,10.12
384,DrawIndexed,8.72
385,DrawIndexed,7.64
386,DrawIndexed,9.68
387,DrawIndexed,7.32
388,DrawIndexed,6.36
389,DrawIndexed,8.6
390,DrawIndexed,5.56
391,DrawIndexed,5.52
392,DrawIndexed,9.6
393,DrawIndexed,5.48
394,DrawIndexed,9.2
395,DrawIndexed,8.16
396,DrawIndexed,9.24
397,DrawIndexed,8.96
398,DrawIndexed,9.04
399,DrawIndexed,5.92
400,DrawIndexed,5.6
401,DrawIndexed,5.6
402,DrawIndexed,7.96
403,DrawIndexed,8
404,DrawIndexed,8.76
405,DrawIndexed,8.08
406,DrawIndexed,13.8
407,DrawIndexed,21
408,DrawIndexed,21.88
409,DrawIndexed,8.76
410,DrawIndexed,20.56
411,DrawIndexed,19.84
412,DrawIndexed,8.88
413,DrawIndexed,7.88
414,DrawIndexed,8.68
415,DrawIndexed,7.76
416,DrawIndexed,8.12
417,DrawIndexed,7.6
418,DrawIndexed,9.32
419,DrawIndexed,8.16
420,DrawIndexed,7.4
421,DrawIndexed,8.56
422,DrawIndexed,48.24
423,DrawIndexed,8.48
424,DrawIndexed,17.44
425,DrawIndexed,19.2
426,DrawIndexed,20
427,DrawIndexed,18.52
428,DrawIndexed,18.96
429,DrawIndexed,19.48
430,DrawIndexed,12.08
431,DrawIndexed,11.8
432,DrawIndexed,11.6
433,DrawIndexed,12.08
434,DrawIndexed,11.12
435,DrawIndexed,11.88
436,DrawIndexed,11.32
437,DrawIndexed,11.6
438,DrawIndexed,13.08
439,DrawIndexed,11.8
440,DrawIndexed,11.96
441,DrawIndexed,11.88
442,DrawIndexed,17.72
443,DrawIndexed,18.36
444,DrawIndexed,11.48
445,DrawIndexed,11.24
446,DrawIndexed,11.4
447,DrawIndexed,11.56
448,DrawIndexed,11.72
449,DrawIndexed,11.24
450,DrawIndexed,11.48
451,DrawIndexed,11.52
452,DrawIndexed,16.64
453,DrawIndexed,23.28
454,DrawIndexed,18.32
455,DrawIndexed,15.76
456,DrawIndexed,15.12
457,DrawIndexed,17.32
458,DrawIndexed,14.88
459,DrawIndexed,14.6
460,DrawIndexed,17
461,DrawIndexed,15.56
462,DrawIndexed,13.76
463,DrawIndexed,15.88
464,DrawIndexed,17.04
465,DrawIndexed,17.04
466,DrawIndexed,15.56
467,DrawIndexed,14.96
468,DrawIndexed,15.92
469,DrawIndexed,16.04
470,DrawIndexed,14.28
471,DrawIndexed,17
472,DrawIndexed,6.16
473,DrawIndexed,15.8
474,DrawIndexed,15.2
475,DrawIndexed,6.84
476,DrawIndexed,16.32
477,DrawIndexed,14.52
478,DrawIndexed,14.52
479,DrawIndexed,13.88
480,DrawIndexed,15.88
481,DrawIndexed,14.52
482,DrawIndexed,14.88
483,DrawIndexed,14.72
484,DrawIndexed,16.36
485,DrawIndexed,14.88
486,DrawIndexed,15.52
487,DrawIndexed,15
488,DrawIndexed,14.64
489,DrawIndexed,16.4
490,DrawIndexed,14.8
491,DrawIndexed,14.48
492,DrawIndexed,15.56
493,DrawIndexed,14.56
494,DrawIndexed,14.88
495,DrawIndexed,15.76
496,DrawIndexed,14.16
497,DrawIndexed,14.72
498,DrawIndexed,14.76
499,DrawIndexed,15.36
500,DrawIndexed,14.32
501,DrawIndexed,15.12
502,DrawIndexed,15.64
503,DrawIndexed,14.12
504,DrawIndexed,16.6
505,DrawIndexed,14.24
506,DrawIndexed,17.48
507,DrawIndexed,16.08
508,DrawIndexed,17.68
509,DrawIndexed,14.32
510,DrawIndexed,14.84
511,DrawIndexed,16.04
512,DrawIndexed,14.48
513,DrawIndexed,14.68
514,DrawIndexed,14.24
515,DrawIndexed,5.76
516,DrawIndexed,14.92
517,DrawIndexed,15.08
518,DrawIndexed,14.4
519,DrawIndexed,14.52
520,DrawIndexed,15.44
521,DrawIndexed,15.04
522,DrawIndexed,16.12
523,DrawIndexed,14.36
524,DrawIndexed,14.56
525,DrawIndexed,14.6
526,DrawIndexed,16.32
527,DrawIndexed,5.68
528,DrawIndexed,14.6
529,DrawIndexed,5.68
530,DrawIndexed,15.4
531,DrawIndexed,14.12
532,DrawIndexed,15.08
533,DrawIndexed,17
534,DrawIndexed,15.04
535,DrawIndexed,18.64
536,DrawIndexed,14.4
537,DrawIndexed,15.6
538,DrawIndexed,14.52
539,DrawIndexed,16.04
540,DrawIndexed,16.6
541,DrawIndexed,14.64
542,DrawIndexed,16.32
543,DrawIndexed,15.84
544,DrawIndexed,16.8
545,DrawIndexed,15.08
546,DrawIndexed,16.08
547,DrawIndexed,14.12
548,DrawIndexed,18.92
549,DrawIndexed,8.4
550,DrawIndexed,9.08
551,DrawIndexed,10.96
552,DrawIndexed,7.8
553,DrawIndexed,15.6
554,DrawIndexed,7.84
555,DrawIndexed,8.36
556,DrawIndexed,7.44
557,DrawIndexed,7.28
558,DrawIndexed,8.72
559,DrawIndexed,10.28
560,DrawIndexed,7.52
561,DrawIndexed,8.6
562,DrawIndexed,8.32
563,DrawIndexed,19.4
564,DrawIndexed,15.04
565,DrawIndexed,12.36
566,DrawIndexed,15.4
567,DrawIndexed,47.72
568,DrawIndexed,45.76
569,DrawIndexed,9.16
570,DrawIndexed,8.92
571,DrawIndexed,9.88
572,DrawIndexed,9.84
573,DrawIndexed,9.12
574,DrawIndexed,7.2
575,DrawIndexed,6.12
576,DrawIndexed,6.8
577,DrawIndexed,437.28
578,DrawIndexed,9.36
579,DrawIndexed,9.2
580,DrawIndexed,6.96
581,DrawIndexed,6.56
582,DrawIndexed,6.72
583,DrawIndexed,6.96
584,DrawIndexed,7.52
585,DrawIndexed,11.52
586,DrawIndexed,8.8
587,DrawIndexed,7.12
588,DrawIndexed,7.2
589,DrawIndexed,12
590,DrawIndexed,8.48
591,DrawIndexed,7.44
592,DrawIndexed,7.04
593,DrawIndexed,6.76
594,DrawIndexed,6.68
595,DrawIndexed,46.52
596,DrawIndexed,67.2
597,DrawIndexed,8.72
598,DrawIndexed,332.96
599,DrawIndexed,11.88
600,DrawIndexed,7.28
601,DrawIndexed,98.88
602,DrawIndexed,46.92
603,DrawIndexed,7.48
604,DrawIndexed,7.4
605,DrawIndexed,7.08
606,DrawIndexed,474.12
607,DrawIndexed,97.44
608,DrawIndexed,6.76
609,DrawIndexed,6.88
610,DrawIndexed,6.68
611,DrawIndexed,160.76
612,DrawIndexed,98.4
613,DrawIndexed,6.92
614,DrawIndexed,10.52
615,DrawIndexed,47.52
616,DrawIndexed,8.96
617,DrawIndexed,103.4
618,DrawIndexed,189.8
619,DrawIndexed,6.88
620,DrawIndexed,7.24
621,DrawIndexed,8.84
622,DrawIndexed,7.08
623,DrawIndexed,7.4
624,DrawIndexed,7.36
625,DrawIndexed,7.12
626,DrawIndexed,11.32
627,DrawIndexed,7.04
628,DrawIndexed,6.72
629,DrawIndexed,8.92
630,DrawIndexed,8.8
631,DrawIndexed,9.92
632,DrawIndexed,10.2
633,DrawIndexed,156.96
634,DrawIndexed,110.56
635,DrawIndexed,9.08
636,DrawIndexed,102
637,DrawIndexed,7.92
638,DrawIndexed,7.28
639,DrawIndexed,7.24
640,DrawIndexed,8.28
641,DrawIndexed,7.24
642,DrawIndexed,173.32
643,DrawIndexed,7.64
644,DrawIndexed,6.88
645,DrawIndexed,7.36
646,DrawIndexed,47.56
647,DrawIndexed,7.32
648,DrawIndexed,78.6
649,DrawIndexed,7.04
650,DrawIndexed,7.8
651,DrawIndexed,6.92
652,DrawIndexed,9.84
653,DrawIndexed,10.48
654,DrawIndexed,8.36
655,DrawIndexed,7.48
656,DrawIndexed,7.84
657,DrawIndexed,61
658,DrawIndexed,7.52
659,DrawIndexed,7.08
660,DrawIndexed,46.44
661,DrawIndexed,63.4
662,DrawIndexed,7.36
663,DrawIndexed,9.4
664,DrawIndexed,45.24
665,DrawIndexed,8.24
666,DrawIndexed,44.24
667,DrawIndexed,7.2
668,DrawIndexed,75.08
669,DrawIndexed,104.68
670,DrawIndexed,6.92
671,DrawIndexed,6.88
672,DrawIndexed,46.52
673,DrawIndexed,6
674,DrawIndexed,7.52
675,DrawIndexed,10.72
676,DrawIndexed,7.24
677,DrawIndexed,44.88
678,DrawIndexed,7.08
679,DrawIndexed,8.64
680,DrawIndexed,7.64
681,DrawIndexed,6.36
682,DrawIndexed,50.76
683,DrawIndexed,7.44
684,DrawIndexed,86.6
685,DrawIndexed,47.32
686,DrawIndexed,6.88
687,DrawIndexed,118.12
688,DrawIndexed,7.12
689,DrawIndexed,5.84
690,DrawIndexed,7.08
691,DrawIndexed,7.24
692,DrawIndexed,7.12
693,DrawIndexed,9.88
694,DrawIndexed,11.04
695,DrawIndexed,9.36
696,DrawIndexed,7.48
697,DrawIndexed,98.92
698,DrawIndexed,6.44
699,DrawIndexed,8.04
700,DrawIndexed,6.84
701,DrawIndexed,6.2
702,DrawIndexed,6.8
703,DrawIndexed,5.88
704,DrawIndexed,78.72
705,DrawIndexed,6.76
706,DrawIndexed,51
707,DrawIndexed,7.24
708,DrawIndexed,6.88
709,DrawIndexed,8.04
710,DrawIndexed,6.56
711,DrawIndexed,104.2
712,DrawIndexed,8.24
713,DrawIndexed,7.84
714,DrawIndexed,6.84
715,DrawIndexed,52.44
716,DrawIndexed,67.56
717,DrawIndexed,46.76
718,DrawIndexed,13.56
719,DrawIndexed,14.44
720,DrawIndexed,5.64
721,DrawIndexed,13.12
722,DrawIndexed,15.24
723,DrawIndexed,13.72
724,DrawIndexed,14
725,DrawIndexed,13.28
726,DrawIndexed,13.88
727,DrawIndexed,13.52
728,DrawIndexed,13.12
729,DrawIndexed,15.68
730,DrawIndexed,14.48
731,DrawIndexed,13.76
732,DrawIndexed,16.72
733,DrawIndexed,14.84
734,DrawIndexed,14
735,DrawIndexed,14.04
736,DrawIndexed,13.96
737,DrawIndexed,13.92
738,DrawIndexed,14.12
739,DrawIndexed,14.88
740,DrawIndexed,14.88
741,DrawIndexed,15.08
742,DrawIndexed,14.88
743,DrawIndexed,14.52
744,DrawIndexed,15.52
745,DrawIndexed,14.44
746,DrawIndexed,13.92
747,DrawIndexed,6.04
748,DrawIndexed,17
749,DrawIndexed,18.56
750,DrawIndexed,19.36
751,DrawIndexed,17.28
752,DrawIndexed,17.88
753,DrawIndexed,18.48
754,DrawIndexed,22.8
755,DrawIndexed,13.88
756,DrawIndexed,14.04
757,DrawIndexed,13.96
758,DrawIndexed,6.84
759,DrawIndexed,11.12
760,DrawIndexed,8.36
761,DrawIndexed,9.68
762,DrawIndexed,8.88
763,DrawIndexed,8.12
764,DrawIndexed,7
765,DrawIndexed,6.96
766,DrawIndexed,7.04
767,DrawIndexed,7.12
768,DrawIndexed,18.16
769,DrawIndexed,8.36
770,DrawIndexed,16.2
771,DrawIndexed,16.2
772,DrawIndexed,8.08
773,DrawIndexed,7.76
774,DrawIndexed,8.96
775,DrawIndexed,7.92
776,DrawIndexed,7.32
777,DrawIndexed,7.72
778,DrawIndexed,15.88
779,DrawIndexed,18.6
780,DrawIndexed,19.08
781,DrawIndexed,17.72
782,DrawIndexed,19.48
783,DrawIndexed,23.08
784,DrawIndexed,18.68
785,DrawIndexed,18.64
786,DrawIndexed,18.68
787,DrawIndexed,18.56
788,DrawIndexed,18.92
789,DrawIndexed,18.24
790,DrawIndexed,18.92
791,DrawIndexed,8.4
792,DrawIndexed,18.68
793,DrawIndexed,19.04
794,DrawIndexed,19.4
795,DrawIndexed,5.68
796,DrawIndexed,17.68
797,DrawIndexed,18.8
798,DrawIndexed,5.72
799,DrawIndexed,5.84
800,DrawIndexed,18.84
801,DrawIndexed,18.56
802,DrawIndexed,18.76
803,DrawIndexed,18.64
804,DrawIndexed,19
805,DrawIndexed,18.12
806,DrawIndexed,18.36
807,DrawIndexed,18.32
808,DrawIndexed,18.68
809,DrawIndexed,6.04
810,DrawIndexed,5.92
811,DrawIndexed,4.84
812,DrawIndexed,20.88
813,DrawIndexed,9.08
814,DrawIndexed,17.72
815,DrawIndexed,6
816,DrawIndexed,19.2
817,DrawIndexed,18.84
818,DrawIndexed,5.84
819,DrawIndexed,18.76
820,DrawIndexed,20.92
821,DrawIndexed,18.52
822,DrawIndexed,18.64
823,DrawIndexed,7.92
824,DrawIndexed,6.92
825,DrawIndexed,5.36
826,DrawIndexed,5.48
827,DrawIndexed,5.72
828,DrawIndexed,6.04
829,DrawIndexed,5.44
830,DrawIndexed,7
831,DrawIndexed,6.16
832,DrawIndexed,6.16
833,DrawIndexed,5.92
834,DrawIndexed,5.48
835,DrawIndexed,6.28
836,DrawIndexed,4.96
837,DrawIndexed,4.64
838,DrawIndexed,5.2
839,DrawIndexed,5.28
840,DrawIndexed,5.12
841,DrawIndexed,5.28
842,DrawIndexed,5.56
843,DrawIndexed,5.4
844,DrawIndexed,5.92
845,DrawIndexed,4.76
846,DrawIndexed,4.52
847,DrawIndexed,5.48
848,DrawIndexed,5.2
849,DrawIndexed,4.72
850,DrawIndexed,5.2
851,DrawIndexed,5.24
852,DrawIndexed,5.24
853,DrawIndexed,4.76
854,DrawIndexed,13.2
855,DrawIndexed,5.12
856,DrawIndexed,4.76
857,DrawIndexed,4.76
858,DrawIndexed,13.68
859,DrawIndexed,5.36
860,DrawIndexed,5.32
861,DrawIndexed,11.84
862,DrawIndexed,6.16
863,DrawIndexed,4.52
864,DrawIndexed,5.12
865,DrawIndexed,13.28
866,DrawIndexed,13.12
867,DrawIndexed,163.16
868,DrawIndexed,68.56
869,DrawIndexed,8.88
870,DrawIndexed,36.28
871,DrawIndexed,17.92
872,DrawIndexed,5.88
873,DrawIndexed,17.76
874,DrawIndexed,17.56
875,DrawIndexed,95.4
876,DrawIndexed,84.8
877,DrawIndexed,44.76
878,DrawIndexed,8.08
879,DrawIndexed,5.8
880,DrawIndexed,14.52
881,DrawIndexed,49.88
882,DrawIndexed,74.68
883,DrawIndexed,33.92
884,DrawIndexed,39.84
885,DrawIndexed,176.96
886,DrawIndexed,21.36
887,DrawIndexed,23.16
888,DrawIndexed,32.36
889,DrawIndexed,27.2
890,DrawIndexed,27.36
891,DrawIndexed,41.32
892,DrawIndexed,93.2
893,DrawIndexed,31.08
894,DrawIndexed,56
895,DrawIndexed,46.36
896,DrawIndexed,56.56
897,DrawIndexed,59.12
898,DrawIndexed,19.36
899,DrawIndexed,21.96
900,DrawIndexed,25.64
901,DrawIndexed,17.84
902,DrawIndexed,11.32
903,DrawIndexed,14.32
904,DrawIndexed,15.04
905,DrawIndexed,12.8
906,DrawIndexed,13.44
907,DrawIndexed,13.92
908,DrawIndexed,13.84
909,DrawIndexed,14.04
910,DrawIndexed,13.04
911,DrawIndexed,14.72
912,DrawIndexed,12.12
913,DrawIndexed,14.92
914,DrawIndexed,13.68
915,DrawIndexed,6.8
916,DrawIndexed,7.12
917,DrawIndexed,7.36
918,DrawIndexedInstanced,43.68
919,DrawIndexed,28.04
920,DrawIndexedInstanced,33.24
921,DrawIndexed,20.96
922,DrawIndexed,21.08
923,DrawIndexed,18.72
924,DrawIndexedInstanced,25.8
925,DrawIndexedInstanced,30.44
926,DrawIndexed,5.24
927,DrawIndexed,16.24
928,DrawIndexed,55.84
929,DrawIndexed,19.04
930,DrawIndexed,14.16
931,DrawIndexed,16.72
932,DrawIndexed,16
933,DrawIndexed,24.72
934,DrawIndexedInstanced,22.12
935,DrawIndexedInstanced,41.72
936,DrawIndexedInstanced,21.52
937,DrawIndexed,8.04
938,DrawIndexed,21.72
939,DrawIndexed,22.12
940,DrawIndexed,17.12
941,DrawIndexed,15.68
942,DrawIndexed,47.8
943,DrawIndexed,14.6
944,DrawIndexed,7.84
945,DrawIndexed,19.48
946,DrawIndexed,14.08
947,DrawIndexed,7.36
948,DrawIndexed,20.4
949,DrawIndexed,12.4
950,DrawIndexed,17.08
951,DrawIndexed,5.52
952,DrawIndexedInstanced,30.36
953,DrawIndexed,6.04
954,DrawIndexedInstanced,19.76
955,DrawIndexed,19.72
956,DrawIndexedInstanced,19.68
957,DrawIndexed,14.52
958,DrawIndexed,26.96
959,DrawIndexed,19.88
960,DrawIndexed,10.96
961,DrawIndexed,8.4
962,DrawIndexed,19.04
963,DrawIndexed,21.04
964,DrawIndexed,19.12
965,DrawIndexed,44.36
966,DrawIndexed,19.32
967,DrawIndexed,35.8
968,DrawIndexed,49.08
969,DrawIndexed,11.92
970,DrawIndexed,12.72
971,DrawIndexed,13.04
972,DrawIndexed,13
973,DrawIndexed,5.28
974,DrawIndexed,12.68
975,DrawIndexed,13.56
976,DrawIndexed,12.92
977,DrawIndexed,12.72
978,DrawIndexed,12.56
979,DrawIndexed,33.2
980,DrawIndexed,10.12
981,DrawIndexed,8.8
982,DrawIndexed,173.32
983,DrawIndexed,13.4
984,DrawIndexed,12.36
985,DrawIndexed,13.84
986,DrawIndexed,6.16
987,DrawIndexed,15
988,DrawIndexed,5.92
989,DrawIndexed,97.36
990,DrawIndexed,28.52
991,DrawIndexed,74.12
992,DrawIndexed,33.32
993,DrawIndexed,47.96
994,DrawIndexedInstanced,185
995,DrawIndexedInstanced,127.56
996,DrawIndexed,35.76
997,DrawIndexedInstanced,36.12
998,DrawIndexedInstanced,60.36
999,DrawIndexed,157.2
1000,DrawIndexed,15.68
1001,DrawIndexed,17.96
1002,DrawIndexed,18.2
1003,DrawIndexed,17.84
1004,DrawIndexed,7.76
1005,DrawIndexed,14.04
1006,DrawIndexed,4.36
1007,DrawIndexed,4.36
1008,DrawIndexedInstanced,13.52
1009,DrawIndexedInstanced,25.56
1010,DrawIndexedInstanced,14.08
1011,DrawIndexedInstanced,12.68
1012,DrawIndexedInstanced,13.6
1013,DrawIndexed,16.2
1014,DrawIndexed,16.32
1015,DrawIndexed,14.04
1016,DrawIndexedInstanced,18.76
1017,DrawIndexed,19.8
1018,DrawIndexed,20.56
1019,DrawIndexed,19.48
1020,DrawIndexed,6.88
1021,DrawIndexed,19.36
1022,DrawIndexed,18.2
1023,DrawIndexed,6.24
1024,DrawIndexed,18.32
1025,DrawIndexed,5.08
1026,DrawIndexed,18.32
1027,DrawIndexed,18.36
1028,DrawIndexed,5.96
1029,DrawIndexed,17.4
1030,DrawIndexed,6
1031,DrawIndexed,22
1032,DrawIndexedInstanced,14.48
1033,DrawIndexed,7.88
1034,DrawIndexed,17.52
1035,DrawIndexed,88.72
1036,DrawIndexed,16.8
1037,DrawIndexed,14.88
1038,DrawIndexed,19.28
1039,DrawIndexed,19.48
1040,DrawIndexed,18.68
1041,DrawIndexed,13.12
1042,DrawIndexed,14.04
1043,DrawIndexed,8.52
1044,DrawIndexed,6.72
1045,DrawIndexed,7.64
1046,DrawIndexed,6.84
1047,DrawIndexed,6.16
1048,DrawIndexed,12.8
1049,DrawIndexed,12.92
1050,DrawIndexed,6.52
1051,DrawIndexed,5.88
1052,DrawIndexed,12.96
1053,DrawIndexed,12.88
1054,DrawIndexed,5
1055,DrawIndexed,4.8
1056,DrawIndexedInstanced,53.8
1057,DrawIndexed,8.16
1058,DrawIndexed,5
1059,DrawIndexed,15
1060,DrawIndexed,48.4
1061,DrawIndexed,14
1062,DrawIndexed,14.68
1063,DrawIndexed,7.4
1064,DrawIndexed,6.48
1065,DrawIndexed,184.84
1066,DrawIndexed,6.12
1067,DrawIndexed,20.12
1068,DrawIndexed,19.24
1069,DrawIndexed,19.96
1070,DrawIndexed,18.64
1071,DrawIndexed,21.16
1072,DrawIndexed,20.56
1073,DrawIndexed,18.92
1074,DrawIndexed,17.96
1075,DrawIndexed,28.28
1076,DrawIndexed,6.68
1077,DrawIndexed,6.12
1078,DrawIndexed,20.36
1079,DrawIndexed,19.28
1080,DrawIndexed,20.08
1081,DrawIndexed,20.68
1082,DrawIndexed,5.8
1083,DrawIndexed,36.8
1084,DrawIndexed,8.2
1085,DrawIndexed,15.6
1086,DrawIndexed,14.4
1087,DrawIndexed,15.08
1088,DrawIndexed,11.52
1089,DrawIndexed,10.72
1090,DrawIndexed,4.68
1091,DrawIndexed,5.2
1092,DrawIndexed,4.8
1093,DrawIndexed,4.32
1094,DrawIndexed,4.52
1095,DrawIndexed,4.68
1096,DrawIndexed,13.16
1097,DrawIndexed,4.48
1098,DrawIndexed,8.08
1099,DrawIndexed,13.84
1100,DrawIndexed,5.24
1101,DrawIndexed,4.44
1102,DrawIndexed,4.8
1103,DrawIndexed,4.48
1104,DrawIndexed,7.68
1105,DrawIndexed,6.56
1106,DrawIndexed,18.64
1107,DrawIndexed,45.4
1108,DrawIndexed,7.56
1109,DrawIndexedInstanced,19.6
1110,DrawIndexedInstanced,20.04
1111,DrawIndexedInstanced,18.84
1112,DrawIndexedInstanced,20.76
1113,DrawIndexed,8.96
1114,DrawIndexedInstanced,7.64
1115,DrawIndexed,8.08
1116,DrawIndexedInstanced,18.92
1117,DrawIndexed,147.56
1118,DrawIndexed,45.4
1119,DrawIndexed,35.8
1120,DrawIndexed,31.2
1121,DrawIndexed,13.6
1122,DrawIndexed,14.8
1123,DrawIndexed,38.96
1124,DrawIndexed,21.56
1125,DrawIndexed,19.16
1126,DrawIndexedInstanced,17.12
1127,DrawIndexed,6
1128,DrawIndexedInstanced,20.48
1129,DrawIndexed,19.92
1130,DrawIndexed,22.2
1131,DrawIndexed,58.48
1132,DrawIndexed,12.4
1133,DrawIndexed,9.44
1134,DrawIndexed,40.12
1135,DrawIndexed,16.68
1136,DrawIndexed,13.72
1137,DrawIndexed,6.08
1138,DrawIndexed,5.08
1139,DrawIndexed,11.76
1140,DrawIndexed,4.8
1141,DrawIndexed,13.2
1142,DrawIndexed,4.88
1143,DrawIndexed,5.2
1144,DrawIndexed,4.92
1145,DrawIndexed,4.68
1146,DrawIndexed,11.88
1147,DrawIndexed,4.76
1148,DrawIndexed,225.2
1149,DrawIndexed,5.04
1150,DrawIndexed,4.88
1151,DrawIndexed,55.48
1152,DrawIndexed,112.2
1153,DrawIndexed,295.4
1154,DrawIndexed,38.8
1155,DrawIndexed,57.64
1156,DrawIndexedInstanced,169.92
1157,DrawIndexedInstanced,40.4
1158,DrawIndexedInstanced,92.16
1159,DrawIndexedInstanced,12
1160,DrawIndexedInstanced,38.2
1161,DrawIndexed,7.28
1162,DrawIndexed,41.56
1163,DrawIndexed,5.8
1164,DrawIndexed,4.36
1165,DrawIndexed,15.64
1166,DrawIndexed,14.32
1167,DrawIndexed,5.32
1168,DrawIndexed,4.32
1169,DrawIndexed,5
1170,DrawIndexedInstanced,7.72
1171,DrawIndexedInstanced,15.32
1172,DrawIndexedInstanced,14.76
1173,DrawIndexedInstanced,6.76
1174,DrawIndexedInstanced,6.72
1175,DrawIndexed,5.72
1176,DrawIndexedInstanced,12.72
1177,DrawIndexedInstanced,12.8
1178,DrawIndexed,8.36
1179,DrawIndexed,73.88
1180,DrawIndexed,56.04
1181,DrawIndexedInstanced,13.8
1182,DrawIndexedInstanced,12.08
1183,DrawIndexed,7.44
1184,DrawIndexed,19.44
1185,DrawIndexed,14.64
1186,DrawIndexed,10.36
1187,DrawIndexed,6.04
1188,DrawIndexed,6.68
1189,DrawIndexed,7.08
1190,DrawIndexed,4.96
1191,DrawIndexed,5.8
1192,DrawIndexed,5.08
1193,DrawIndexed,20.96
1194,DrawIndexed,5.16
1195,DrawIndexed,78.8
1196,DrawIndexed,6.44
1197,DrawIndexed,5.52
1198,DrawIndexed,5.28
1199,DrawIndexed,10.32
1200,DrawIndexed,5.24
1201,DrawIndexed,4.96
1202,DrawIndexed,13.24
1203,DrawIndexedInstanced,13.32
1204,DrawIndexed,6.92
1205,DrawIndexedInstanced,31.08
1206,DrawIndexedInstanced,10.24
1207,DrawIndexed,6.64
1208,DrawIndexed,7.2
1209,DrawIndexed,5.64
1210,DrawIndexed,5.44
1211,DrawIndexed,5.24
1212,DrawIndexed,5.2
1213,DrawIndexed,4.88
1214,DrawIndexedInstanced,87.64
1215,DrawIndexed,9.96
1216,DrawIndexed,123.32
1217,DrawIndexed,10.16
1218,DrawIndexed,9.2
1219,DrawIndexed,59.64
1220,DrawIndexed,8.84
1221,DrawIndexed,7.48
1222,DrawIndexed,8.24
1223,DrawIndexed,125.8
1224,DrawIndexed,15.2
1225,DrawIndexed,26.36
1226,DrawIndexed,6.4
1227,DrawIndexed,18.2
1228,DrawIndexed,5.44
1229,DrawIndexed,5.88
1230,DrawIndexed,5.72
1231,DrawIndexed,6.96
1232,DrawIndexed,7.68
1233,DrawIndexed,7.08
1234,DrawIndexed,21.84
1235,DrawIndexed,6.8
1236,DrawIndexed,6.4
1237,DrawIndexed,6.08
1238,DrawIndexed,5.76
1239,DrawIndexed,5.16
1240,DrawIndexed,7.64
1241,DrawIndexed,6.6
1242,DrawIndexed,7.72
1243,DrawIndexed,6.72
1244,DrawIndexed,23.72
1245,DrawIndexed,6.72
1246,DrawIndexed,5.52
1247,DrawIndexed,6.6
1248,DrawIndexed,14.64
1249,DrawIndexed,4.88
1250,DrawIndexed,5.2
1251,DrawIndexed,4.92
1252,DrawIndexed,5.12
1253,DrawIndexed,5.16
1254,DrawIndexed,5.36
1255,DrawIndexed,12.04
1256,DrawIndexed,4.84
1257,DrawIndexed,4.92
1258,DrawIndexed,12.24
1259,DrawIndexed,11.96
1260,DrawIndexed,12.08
1261,DrawIndexed,12.2
1262,DrawIndexed,4.84
1263,DrawIndexed,5.76
1264,DrawIndexed,6.04
1265,DrawIndexed,6.04
1266,DrawIndexed,5.6
1267,DrawIndexed,5.56
1268,DrawIndexed,17.36
1269,DrawIndexed,5.96
1270,DrawIndexed,7.44
1271,DrawIndexed,6.32
1272,DrawIndexed,13.52
1273,DrawIndexed,13.72
1274,DrawIndexed,14.08
1275,DrawIndexed,13.6
1276,DrawIndexed,7.84
1277,DrawIndexed,7.16
1278,DrawIndexed,6.48
1279,DrawIndexed,6.6
1280,DrawIndexed,7.16
1281,DrawIndexed,7.8
1282,DrawIndexed,14.88
1283,DrawIndexed,14.24
1284,DrawIndexed,6.56
1285,DrawIndexed,6.24
1286,DrawIndexed,6.52
1287,DrawIndexed,6.48
1288,DrawIndexedInstanced,8.28
1289,DrawIndexedInstanced,25.76
1290,DrawIndexedInstanced,23.72
1291,DrawIndexed,7.64
1292,DrawIndexed,6.2
1293,DrawIndexed,6.16
1294,DrawIndexed,6.76
1295,DrawIndexed,6.56
1296,DrawIndexedInstanced,8.44
1297,DrawIndexed,6.92
1298,DrawIndexed,11.08
1299,DrawIndexed,10.52
1300,DrawIndexed,14.92
1301,DrawIndexed,4.56
1302,DrawIndexed,4.88
1303,DrawIndexed,4.52
1304,DrawIndexed,5.96
1305,DrawIndexed,7.52
1306,DrawIndexed,4.88
1307,DrawIndexed,5
1308,DrawIndexed,4.44
1309,DrawIndexed,4.92
1310,DrawIndexed,20.52
1311,DrawIndexed,15.44
1312,DrawIndexed,15.56
1313,DrawIndexed,81.28
1314,DrawIndexed,87.52
1315,DrawIndexedInstanced,20.08
1316,DrawIndexedInstanced,22.12
1317,DrawIndexed,6.16
1318,DrawIndexedInstanced,7.92
1319,DrawIndexed,6.76
1320,DrawIndexed,7.12
1321,DrawIndexed,28.52
1322,DrawIndexedInstanced,25.08
1323,DrawIndexed,7.56
1324,DrawIndexed,5.76
1325,DrawIndexedInstanced,21.84
1326,DrawIndexedInstanced,9.08
1327,DrawIndexed,7.44
1328,DrawIndexed,5.88
1329,DrawIndexed,5.44
1330,DrawIndexed,6.08
1331,DrawIndexedInstanced,6.52
1332,DrawIndexed,24.68
1333,DrawIndexed,56.08
1334,DrawIndexed,111.08
1335,DrawIndexed,143.92
1336,DrawIndexed,59
1337,DrawIndexedInstanced,13.84
1338,DrawIndexed,243.88
1339,DrawIndexedInstanced,19.72
1340,DrawIndexed,7.96
1341,DrawIndexed,7.48
1342,DrawIndexedInstanced,18.72
1343,DrawIndexed,6.76
1344,DrawIndexed,5.92
1345,DrawIndexed,7.24
1346,DrawIndexed,20.2
1347,DrawIndexed,20.16
1348,DrawIndexed,5.52
1349,DrawIndexed,7.24
1350,DrawIndexed,8.12
1351,DrawIndexed,7.72
1352,DrawIndexed,6.12
1353,DrawIndexed,5.96
1354,DrawIndexed,5.28
1355,DrawIndexed,5.6
1356,DrawIndexed,7.52
1357,DrawIndexed,58.92
1358,DrawIndexedInstanced,39.08
1359,DrawIndexedInstanced,132.96
1360,DrawIndexed,5.64
1361,DrawIndexed,5.28
1362,DrawIndexed,5.2
1363,DrawIndexed,4.8
1364,DrawIndexed,4.88
1365,DrawIndexed,4.8
1366,DrawIndexed,5.12
1367,DrawIndexed,4.88
1368,DrawIndexed,5.12
1369,DrawIndexed,4.72
1370,DrawIndexed,4.68
1371,DrawIndexed,4.84
1372,DrawIndexed,4.84
1373,DrawIndexed,4.92
1374,DrawIndexed,5
1375,DrawIndexed,5.28
1376,DrawIndexed,5.08
1377,DrawIndexed,5.2
1378,DrawIndexed,5.04
1379,DrawIndexed,4.6
1380,DrawIndexed,4.64
1381,DrawIndexed,4.64
1382,DrawIndexed,127.44
1383,DrawIndexed,6.28
1384,DrawIndexed,6
1385,DrawIndexed,13.76
1386,DrawIndexed,9.56
1387,DrawIndexed,6.36
1388,DrawIndexedInstanced,9.56
1389,DrawIndexedInstanced,17.12
1390,DrawIndexed,7.12
1391,DrawIndexed,6.76
1392,DrawIndexed,6.68
1393,DrawIndexed,5.68
1394,DrawIndexed,7.92
1395,DrawIndexed,13.64
1396,DrawIndexed,5
1397,DrawIndexed,4.52
1398,DrawIndexed,4.4
1399,DrawIndexedInstanced,20.4
1400,DrawIndexedInstanced,21.72
1401,DrawIndexed,10.8
1402,DrawIndexedInstanced,22.64
1403,DrawIndexed,9.2
1404,DrawIndexedInstanced,11.8
1405,DrawIndexedInstanced,8.96
1406,DrawIndexedInstanced,30
1407,DrawIndexedInstanced,15.28
1408,DrawIndexed,5.16
1409,DrawIndexed,8
1410,DrawIndexed,6.84
1411,DrawIndexed,7.16
1412,DrawIndexed,6.88
1413,DrawIndexed,7.12
1414,DrawIndexed,8
1415,DrawIndexed,7.28
1416,DrawIndexed,7.16
1417,DrawIndexed,7.24
1418,DrawIndexed,7.36
1419,DrawIndexed,7.12
1420,DrawIndexed,8.36
1421,DrawIndexed,7.68
1422,DrawIndexed,7.56
1423,DrawIndexed,7.04
1424,DrawIndexed,7.88
1425,DrawIndexed,7.28
1426,DrawIndexed,7.8
1427,DrawIndexed,7.24
1428,DrawIndexed,7.44
1429,DrawIndexed,7.36
1430,DrawIndexed,6.52
1431,DrawIndexed,8.12
1432,DrawIndexed,7.84
1433,DrawIndexed,7.96
1434,DrawIndexed,8.2
1435,DrawIndexed,9.32
1436,DrawIndexed,8.52
1437,DrawIndexed,6.92
1438,DrawIndexed,6.64
1439,DrawIndexed,6.72
1440,DrawIndexed,6.84
1441,DrawIndexed,7.76
1442,DrawIndexed,7.32
1443,DrawIndexed,7
1444,DrawIndexed,6.56
1445,DrawIndexed,7.04
1446,DrawIndexed,7.76
1447,DrawIndexed,7.4
1448,DrawIndexed,7
1449,DrawIndexed,7.24
1450,DrawIndexed,7.32
1451,DrawIndexed,7.8
1452,DrawIndexed,5.6
1453,DrawIndexed,8.48
1454,DrawIndexed,7.92
1455,DrawIndexed,7.56
1456,DrawIndexed,7
1457,DrawIndexed,6.84
1458,DrawIndexed,7.24
1459,DrawIndexed,7.52
1460,DrawIndexed,7.28
1461,DrawIndexed,4.68
1462,DrawIndexed,4.72
1463,DrawIndexed,4.72
1464,DrawIndexed,4.84
1465,DrawIndexed,7.2
1466,DrawIndexed,5.16
1467,DrawIndexed,4.64
1468,DrawIndexed,4.68
1469,DrawIndexed,4.64
1470,DrawIndexed,6.04
1471,DrawIndexed,4.64
1472,DrawIndexed,4.92
1473,DrawIndexed,4.8
1474,DrawIndexed,4.8
1475,DrawIndexed,4.64
1476,DrawIndexed,4.72
1477,DrawIndexed,4.68
1478,DrawIndexed,4.8
1479,DrawIndexed,4.64
1480,DrawIndexed,4.48
1481,DrawIndexed,4.44
1482,DrawIndexed,5
1483,DrawIndexed,4.92
1484,DrawIndexed,4.88
1485,DrawIndexed,4.72
1486,DrawIndexed,4.76
1487,DrawIndexed,5.08
1488,DrawIndexed,5.12
1489,DrawIndexed,4.36
1490,DrawIndexed,8
1491,DrawIndexed,7.88
1492,DrawIndexed,5.8
1493,DrawIndexed,5.76
1494,DrawIndexed,6.44
1495,DrawIndexed,6.08
1496,DrawIndexed,8.16
1497,DrawIndexed,24.64
1498,DrawIndexed,6.6
1499,DrawIndexed,20.36
1500,DrawIndexed,5.76
1501,DrawIndexed,21.68
1502,DrawIndexed,20.2
1503,DrawIndexed,17.28
1504,DrawIndexed,8.36
1505,DrawIndexedInstanced,18.16
1506,DrawIndexedInstanced,24.88
1507,DrawIndexedInstanced,15.96
1508,DrawIndexed,5.88
1509,DrawIndexed,5.68
1510,DrawIndexed,4.96
1511,DrawIndexed,5.6
1512,DrawIndexed,5.04
1513,DrawIndexed,5.32
1514,DrawIndexed,6.44
1515,DrawIndexed,5.56
1516,DrawIndexed,5.08
1517,DrawIndexed,5.16
1518,DrawIndexedInstanced,7.2
1519,DrawIndexed,6.04
1520,DrawIndexed,5.08
1521,DrawIndexed,6.44
1522,DrawIndexed,10.96
1523,DrawIndexed,13.6
1524,DrawIndexedInstanced,19.88
1525,DrawIndexedInstanced,12.84
1526,DrawIndexed,7.12
1527,DrawIndexed,80.88
1528,DrawIndexed,71.84
1529,DrawIndexed,6.24
1530,DrawIndexed,5.48
1531,DrawIndexed,4.96
1532,DrawIndexedInstanced,23.4
1533,DrawIndexed,21
1534,DrawIndexed,17.32
1535,DrawIndexed,19.16
1536,DrawIndexed,18.72
1537,DrawIndexed,8.56
1538,DrawIndexed,6.28
1539,DrawIndexed,5.72
1540,DrawIndexed,6.68
1541,DrawIndexed,9.16
1542,DrawIndexed,5.36
1543,DrawIndexed,4.84
1544,DrawIndexed,5
1545,DrawIndexed,6.28
1546,DrawIndexed,5.48
1547,DrawIndexed,5.48
1548,DrawIndexed,6.24
1549,DrawIndexed,5.64
1550,DrawIndexed,5.68
1551,DrawIndexed,5.08
1552,DrawIndexed,5.48
1553,DrawIndexed,5.24
1554,DrawIndexed,6.16
1555,DrawIndexed,6.44
1556,DrawIndexed,8.56
1557,DrawIndexed,4.92
1558,DrawIndexed,4.84
1559,DrawIndexed,7.2
1560,DrawIndexed,5.12
1561,DrawIndexed,9.16
1562,DrawIndexed,11.04
1563,DrawIndexed,39.8
1564,DrawIndexed,9.8
1565,DrawIndexed,9.2
1566,DrawIndexed,9.44
1567,DrawIndexed,10
1568,DrawIndexed,9.76
1569,DrawIndexed,9.84
1570,DrawIndexed,9.64
1571,DrawIndexed,8.88
1572,DrawIndexed,9.68
1573,DrawIndexed,10.4
1574,DrawIndexed,9.64
1575,DrawIndexed,9.88
1576,DrawIndexed,10.2
1577,DrawIndexed,35.64
1578,DrawIndexed,34.36
1579,DrawIndexed,10
1580,DrawIndexed,11.24
1581,DrawIndexed,9.84
1582,DrawIndexed,9.56
1583,DrawIndexed,9.08
1584,DrawIndexed,6.56
1585,DrawIndexed,5.44
1586,DrawIndexed,4.88
1587,DrawIndexed,4.8
1588,DrawIndexed,6
1589,DrawIndexed,4.88
1590,DrawIndexed,4.88
1591,DrawIndexed,5.12
1592,DrawIndexed,5.24
1593,DrawIndexed,6.28
1594,DrawIndexed,4.88
1595,DrawIndexed,5.16
1596,DrawIndexed,5.12
1597,DrawIndexed,5.92
1598,DrawIndexed,5.48
1599,DrawIndexed,5.16
1600,DrawIndexed,4.84
1601,DrawIndexed,4.84
1602,DrawIndexed,5.56
1603,DrawIndexed,8.96
1604,DrawIndexed,5.52
1605,DrawIndexed,4.92
1606,DrawIndexed,4.96
1607,DrawIndexed,5.36
1608,DrawIndexed,5.48
1609,DrawIndexed,5.84
1610,DrawIndexed,6.16
1611,DrawIndexed,5.52
1612,DrawIndexed,6.2
1613,DrawIndexed,5.56
1614,DrawIndexed,5.88
1615,DrawIndexed,5.72
1616,DrawIndexedInstanced,9.2
1617,DrawIndexedInstanced,18.2
1618,DrawIndexedInstanced,11.32
1619,DrawIndexedInstanced,7.64
1620,DrawIndexedInstanced,7.24
1621,DrawIndexedInstanced,10.48
1622,DrawIndexed,19.28
1623,DrawIndexed,6.8
1624,DrawIndexed,7.28
1625,DrawIndexed,6.28
1626,DrawIndexed,5.76
1627,DrawIndexed,7.32
1628,DrawIndexedInstanced,16.92
1629,DrawIndexedInstanced,12.4
1630,DrawIndexedInstanced,5.64
1631,DrawIndexed,10
1632,DrawIndexed,8.6
1633,DrawIndexed,24.76
1634,DrawIndexed,13.76
1635,DrawIndexed,6.36
1636,DrawIndexedInstanced,5.64
1637,DrawIndexed,5.92
1638,DrawIndexed,7.04
1639,DrawIndexed,5.6
1640,DrawIndexed,5.68
1641,DrawIndexed,6.96
1642,DrawIndexed,6.68
1643,DrawIndexed,9.52
1644,DrawIndexed,6.88
1645,DrawIndexed,5.8
1646,DrawIndexed,5.72
1647,DrawIndexed,8.16
1648,DrawIndexed,9.36
1649,DrawIndexed,7.24
1650,DrawIndexed,6.92
1651,DrawIndexed,6.88
1652,DrawIndexed,6
1653,DrawIndexed,5.8
1654,DrawIndexed,5.88
1655,DrawIndexed,5.72
1656,DrawIndexed,6.16
1657,DrawIndexed,5.64
1658,DrawIndexed,6.96
1659,DrawIndexed,5.48
1660,DrawIndexed,6.44
1661,DrawIndexed,7.44
1662,DrawIndexed,6.16
1663,DrawIndexed,5.48
1664,DrawIndexed,5.64
1665,DrawIndexed,5.96
1666,DrawIndexed,5.48
1667,DrawIndexed,6.04
1668,DrawIndexed,5.88
1669,DrawIndexed,7.52
1670,DrawIndexed,5.56
1671,DrawIndexed,6.04
1672,DrawIndexed,5.84
1673,DrawIndexed,7.96
1674,DrawIndexed,5.32
1675,DrawIndexed,6.56
1676,DrawIndexed,5.92
1677,DrawIndexed,9.04
1678,DrawIndexed,5.48
1679,DrawIndexed,5.72
1680,DrawIndexed,6
1681,DrawIndexed,6.72
1682,DrawIndexed,8.04
1683,DrawIndexedInstanced,11.96
1684,DrawIndexedInstanced,7.52
1685,DrawIndexed,7.52
1686,DrawIndexed,8.6
1687,DrawIndexedInstanced,7.08
1688,DrawIndexed,15.04
1689,DrawIndexed,5.76
1690,DrawIndexed,6.52
1691,DrawIndexedInstanced,14.64
1692,DrawIndexedInstanced,16
1693,DrawIndexedInstanced,8.32
1694,DrawIndexed,9.56
1695,DrawIndexed,7.76
1696,DrawIndexed,10.44
1697,DrawIndexed,42.6
1698,DrawIndexed,5.32
1699,DrawIndexed,4.68
1700,DrawIndexed,4.72
1701,DrawIndexed,6.2
1702,DrawIndexedInstanced,13.76
1703,DrawIndexed,9.12
1704,DrawIndexed,6
1705,DrawIndexed,6.12
1706,DrawIndexed,6.4
1707,DrawIndexed,6.44
1708,DrawIndexed,7.48
1709,DrawIndexed,7.4
1710,DrawIndexed,6.64
1711,DrawIndexedInstanced,6.52
1712,DrawIndexed,6.52
1713,DrawIndexed,97.72
1714,DrawIndexedInstanced,9.4
1715,DrawIndexedInstanced,41.24
1716,DrawIndexed,13
1717,DrawIndexed,8.92
1718,DrawIndexedInstanced,17.8
1719,DrawIndexedInstanced,31.32
1720,DrawIndexedInstanced,20.96
1721,DrawIndexed,9.6
1722,DrawIndexed,6.16
1723,DrawIndexed,5.16
1724,DrawIndexed,7.64
1725,DrawIndexed,7.44
1726,DrawIndexed,7.16
1727,DrawIndexed,5.24
1728,DrawIndexed,7.52
1729,DrawIndexed,5.08
1730,DrawIndexed,7.2
1731,DrawIndexed,7.76
1732,DrawIndexed,7.08
1733,DrawIndexed,6.8
1734,DrawIndexed,6.8
1735,DrawIndexed,7.24
1736,DrawIndexed,5.16
1737,DrawIndexed,6.88
1738,DrawIndexed,5.56
1739,DrawIndexed,6.28
1740,DrawIndexed,4.72
1741,DrawIndexed,6.88
1742,DrawIndexed,7.24
1743,DrawIndexed,4.48
1744,DrawIndexed,7
1745,DrawIndexed,6.2
1746,DrawIndexed,7.36
1747,DrawIndexed,7.12
1748,DrawIndexed,5.92
1749,DrawIndexed,8.12
1750,DrawIndexed,6.28
1751,DrawIndexed,7.92
1752,DrawIndexed,8.56
1753,DrawIndexed,7.28
1754,DrawIndexed,7
1755,DrawIndexed,4.88
1756,DrawIndexed,7.48
1757,DrawIndexed,7.92
1758,DrawIndexed,6.12
1759,DrawIndexed,7.36
1760,DrawIndexed,6.8
1761,DrawIndexed,7.44
1762,DrawIndexed,7.16
1763,DrawIndexed,6.68
1764,DrawIndexed,13.44
1765,DrawIndexed,7.8
1766,DrawIndexed,5.8
1767,DrawIndexed,7.04
1768,DrawIndexed,7.96
1769,DrawIndexed,6.68
1770,DrawIndexed,8.08
1771,DrawIndexed,7.52
1772,DrawIndexed,7.16
1773,DrawIndexed,6.16
1774,DrawIndexed,6.04
1775,DrawIndexed,5.92
1776,DrawIndexed,6.64
1777,DrawIndexed,7.96
1778,DrawIndexed,7
1779,DrawIndexed,5.64
1780,DrawIndexed,7.28
1781,DrawIndexed,5.68
1782,DrawIndexed,5.08
1783,DrawIndexed,4.6
1784,DrawIndexed,5.52
1785,DrawIndexed,7.24
1786,DrawIndexed,6.12
1787,DrawIndexed,4.76
1788,DrawIndexed,7.04
1789,DrawIndexed,7.92
1790,DrawIndexed,5.68
1791,DrawIndexed,6.4
1792,DrawIndexed,7.64
1793,DrawIndexed,11.16
1794,DrawIndexed,6.72
1795,DrawIndexed,8.88
1796,DrawIndexed,7.44
1797,DrawIndexed,5.92
1798,DrawIndexed,5.88
1799,DrawIndexed,5.8
1800,DrawIndexed,5.2
1801,DrawIndexed,6.2
1802,DrawIndexed,7.08
1803,DrawIndexed,7.08
1804,DrawIndexed,6.2
1805,DrawIndexed,5.84
1806,DrawIndexed,5.52
1807,DrawIndexed,4.88
1808,DrawIndexed,6.2
1809,DrawIndexed,7.08
1810,DrawIndexed,5.6
1811,DrawIndexed,4.84
1812,DrawIndexed,6.72
1813,DrawIndexed,4.56
1814,DrawIndexed,5.88
1815,DrawIndexed,6.04
1816,DrawIndexed,5.08
1817,DrawIndexed,5.08
1818,DrawIndexed,5.08
1819,DrawIndexed,4.76
1820,DrawIndexed,5.04
1821,DrawIndexed,6.04
1822,DrawIndexed,5.12
1823,DrawIndexed,4.96
1824,DrawIndexed,4.92
1825,DrawIndexed,5.04
1826,DrawIndexed,5.88
1827,DrawIndexed,5.52
1828,DrawIndexed,5.56
1829,DrawIndexed,4.88
1830,DrawIndexed,5.04
1831,DrawIndexed,5.32
1832,DrawIndexed,4.92
1833,DrawIndexed,4.84
1834,DrawIndexed,7.68
1835,DrawIndexed,6.52
1836,DrawIndexed,5.16
1837,DrawIndexed,7
1838,DrawIndexed,6.72
1839,DrawIndexed,6.52
1840,DrawIndexed,5.04
1841,DrawIndexed,6.64
1842,DrawIndexed,7.32
1843,DrawIndexed,7.32
1844,DrawIndexed,7.08
1845,DrawIndexed,4.96
1846,DrawIndexed,6.88
1847,DrawIndexed,5.08
1848,DrawIndexed,7.28
1849,DrawIndexed,6.84
1850,DrawIndexed,7.12
1851,DrawIndexed,5.32
1852,DrawIndexed,7.28
1853,DrawIndexed,5
1854,DrawIndexed,7.28
1855,DrawIndexed,5.28
1856,DrawIndexed,8.12
1857,DrawIndexed,5.36
1858,DrawIndexed,7.6
1859,DrawIndexed,5.2
1860,DrawIndexed,7.16
1861,DrawIndexed,4.92
1862,DrawIndexed,7.28
1863,DrawIndexed,4.8
1864,DrawIndexed,7.6
1865,DrawIndexed,4.68
1866,DrawIndexed,7.24
1867,DrawIndexed,7.16
1868,DrawIndexed,7.24
1869,DrawIndexed,7.32
1870,DrawIndexed,6.52
1871,DrawIndexed,6.88
1872,DrawIndexed,6.48
1873,DrawIndexed,6.44
1874,DrawIndexed,6.48
1875,DrawIndexed,6.56
1876,DrawIndexed,6.48
1877,DrawIndexed,6.8
1878,DrawIndexed,7.24
1879,DrawIndexed,7
1880,DrawIndexed,7.36
1881,DrawIndexed,7.08
1882,DrawIndexed,6.6
1883,DrawIndexed,6.8
1884,DrawIndexed,6.64
1885,DrawIndexed,6.4
1886,DrawIndexed,6.88
1887,DrawIndexed,6.48
1888,DrawIndexed,6.52
1889,DrawIndexed,7.16
1890,DrawIndexed,6.56
1891,DrawIndexed,6.64
1892,DrawIndexed,6.44
1893,DrawIndexed,6.84
1894,DrawIndexed,7.2
1895,DrawIndexed,6.52
1896,DrawIndexed,7.44
1897,DrawIndexed,8.16
1898,DrawIndexed,14.12
1899,DrawIndexed,7
1900,DrawIndexed,7.48
1901,DrawIndexed,6.92
1902,DrawIndexed,7.24
1903,DrawIndexed,7.16
1904,DrawIndexed,7.04
1905,DrawIndexed,7.28
1906,DrawIndexed,7.08
1907,DrawIndexed,7.16
1908,DrawIndexed,7.72
1909,DrawIndexed,7
1910,DrawIndexed,7.04
1911,DrawIndexed,6.64
1912,DrawIndexed,7.16
1913,DrawIndexed,6.4
1914,DrawIndexed,6.68
1915,DrawIndexed,13.08
1916,DrawIndexed,15.2
1917,DrawIndexed,14.96
1918,DrawIndexed,14.08
1919,DrawIndexed,13.76
1920,DrawIndexed,13.96
1921,DrawIndexed,14.52
1922,DrawIndexed,7.24
1923,DrawIndexed,7.28
1924,DrawIndexed,7
1925,DrawIndexed,6.84
1926,DrawIndexed,7.76
1927,DrawIndexed,7.04
1928,DrawIndexed,7.56
1929,DrawIndexed,14.32
1930,DrawIndexed,14.24
1931,DrawIndexed,14.32
1932,DrawIndexed,14.24
1933,DrawIndexed,14.44
1934,DrawIndexed,14.48
1935,DrawIndexed,14.48
1936,DrawIndexed,14.36
1937,DrawIndexed,14.04
1938,DrawIndexed,15.04
1939,DrawIndexed,7.2
1940,DrawIndexed,7.76
1941,DrawIndexed,14.28
1942,DrawIndexed,12.52
1943,DrawIndexed,13.28
1944,DrawIndexed,13.32
1945,DrawIndexed,13.68
1946,DrawIndexed,13.48
1947,DrawIndexed,13.88
1948,DrawIndexed,13.56
1949,DrawIndexed,12.96
1950,DrawIndexed,14.28
1951,DrawIndexed,12.6
1952,DrawIndexed,7.08
1953,DrawIndexed,7.04
1954,DrawIndexed,6.96
1955,DrawIndexed,12.08
1956,DrawIndexed,13.44
1957,DrawIndexed,12.72
1958,DrawIndexed,12.36
1959,DrawIndexed,13.4
1960,DrawIndexed,12.4
1961,DrawIndexed,14.08
1962,DrawIndexed,14.08
1963,DrawIndexed,14.56
1964,DrawIndexed,14.16
1965,DrawIndexed,14.12
1966,DrawIndexed,13.96
1967,DrawIndexed,14
1968,DrawIndexed,13.92
1969,DrawIndexed,14.32
1970,DrawIndexed,14.48
1971,DrawIndexed,15.08
1972,DrawIndexed,15.2
1973,DrawIndexed,14.48
1974,DrawIndexed,15.04
1975,DrawIndexed,13.72
1976,DrawIndexed,14.32
1977,DrawIndexed,13.6
1978,DrawIndexedInstanced,14.16
1979,DrawIndexedInstanced,20.24
1980,DrawIndexedInstanced,25.2
1981,DrawIndexed,15.52
1982,DrawIndexedInstanced,26.08
1983,DrawIndexedInstanced,30.04
1984,DrawIndexed,80.48
1985,DrawIndexedInstanced,51.32
1986,DrawIndexed,10.2
1987,DrawIndexed,11.32
1988,DrawIndexedInstanced,11.84
1989,DrawIndexed,11.76
1990,DrawIndexedInstanced,15.6
1991,DrawIndexedInstanced,11.76
1992,DrawIndexed,6.68
1993,DrawIndexedInstanced,41.48
1994,DrawIndexed,11.16
1995,DrawIndexedInstanced,14.08
1996,DrawIndexed,194.48
1997,DrawIndexed,180.6
1998,DrawIndexed,157.36
1999,DrawIndexed,142.44
2000,DrawIndexed,124.08
2001,DrawIndexed,123.48
2002,DrawIndexed,110.8
2003,DrawIndexed,107.56
2004,DrawIndexed,34.56
2005,DrawIndexed,87.16
2006,DrawIndexed,52.52
2007,DrawIndexed,38.8
2008,DrawIndexed,7.16
2009,DrawIndexed,6.12
2010,DrawIndexed,6.2
2011,DrawIndexed,6.08
2012,DrawIndexed,5.92
2013,DrawIndexed,6.04
2014,DrawIndexed,6.12
2015,DrawIndexedInstanced,25.2
2016,DrawIndexedInstanced,17.56
2017,DrawIndexed,24.92
2018,DrawIndexed,136.56
2019,DrawIndexed,11.68
2020,DrawIndexed,12.64
2021,DrawIndexedInstanced,25.56
2022,DrawIndexedInstanced,38.44
2023,DrawIndexedInstanced,46.88
2024,DrawIndexedInstanced,18.84
2025,DrawIndexed,20.16
2026,DrawIndexedInstanced,26.6
2027,DrawIndexed,5.8
2028,DrawIndexed,7.28
2029,DrawIndexedInstanced,436.56
2030,DrawIndexedInstanced,14.12
2031,DrawIndexedInstanced,14.68
2032,DrawIndexed,20.6
2033,DrawIndexed,181.88
2034,DrawIndexed,5.48
2035,DrawIndexed,64.36
2036,DrawIndexed,6.08
2037,DrawIndexedInstanced,14.84
2038,DrawIndexedInstanced,10.52
2039,DrawIndexed,17.32
2040,DrawIndexed,55
2041,DrawIndexed,11.56
2042,DrawIndexed,6.16
2043,DrawIndexed,32.48
2044,DrawIndexed,11.64
2045,DrawIndexed,12.24
2046,DrawIndexed,20.24
2047,DrawIndexed,16.52
2048,DrawIndexed,9.76
2049,DrawIndexed,9.56
2050,DrawIndexed,8.08
2051,DrawIndexed,7.44
2052,DrawIndexed,11.6
2053,DrawIndexed,19.44
2054,DrawIndexed,30.12
2055,CopyResource,628.44
2056,ClearRenderTargetView,0.6
2057,DrawIndexed,412.36
2058,DrawIndexed,392.12
2059,DrawIndexed,387.68
2060,DrawIndexed,638.2
2061,DrawIndexed,412.08
2062,DrawIndexed,381.4
2063,DrawIndexed,185.76
2064,ClearRenderTargetView,8.32
2065,DrawIndexed,1037
2066,DrawIndexed,34.52
2067,DrawIndexed,45.4
2068,DrawIndexed,55.08
2069,DrawIndexed,27.88
2070,DrawIndexed,37.44
2071,CopySubresourceRegion,745.24
2072,DrawIndexed,22.28
2073,DrawIndexed,33.2
2074,DrawIndexed,23.52
2075,DrawIndexed,31.92
2076,DrawIndexed,22.44
2077,DrawIndexed,530.08
2078,DrawIndexed,21.04
2079,DrawIndexed,13.48
2080,DrawIndexed,14.6
2081,DrawIndexed,29.36
2082,DrawIndexed,23.92
2083,DrawIndexed,22.36
2084,DrawIndexed,20.28
2085,DrawIndexed,24.68
2086,DrawIndexed,20.4
2087,DrawIndexed,18.92
2088,DrawIndexed,19.12
2089,DrawIndexed,18.92
2090,DrawIndexed,12.6
2091,DrawIndexed,12.56
2092,DrawIndexed,12.4
2093,DrawIndexed,12.72
2094,DrawIndexed,13.72
2095,DrawIndexed,19.16
2096,DrawIndexed,12.96
2097,DrawIndexed,12.48
2098,DrawIndexed,12.52
2099,DrawIndexed,13.12
2100,DrawIndexed,6.16
2101,DrawIndexed,6.12
2102,DrawIndexed,8.44
2103,DrawIndexed,10.68
2104,DrawIndexed,16.68
2105,DrawIndexed,4.88
2106,DrawIndexed,6.64
2107,DrawIndexed,17.32
2108,DrawIndexed,4.88
2109,DrawIndexed,11.16
2110,DrawIndexed,7.8
2111,DrawIndexed,7.48
2112,DrawIndexed,7.92
2113,DrawIndexed,13.32
2114,DrawIndexed,6.08
2115,DrawIndexed,6.44
2116,DrawIndexed,6.6
2117,DrawIndexed,5.6
2118,DrawIndexed,8.28
2119,DrawIndexed,7.32
2120,DrawIndexed,5.28
2121,DrawIndexed,673.28
2122,DrawIndexed,101.16
2123,Dispatch,736.24
2124,Dispatch,4093.64
2125,DrawIndexed,10181.6
2126,DrawIndexed,124.08
2127,DrawIndexed,25.08
2128,DrawIndexed,75.36
2129,DrawIndexed,6.24
2130,DrawIndexed,48.04
2131,DrawIndexed,8.64
2132,DrawIndexed,6.28
2133,DrawIndexed,34.8
2134,DrawIndexed,21.6
2135,DrawIndexed,8.12
2136,DrawIndexed,5.84
2137,DrawIndexed,9.2
2138,DrawIndexed,11.76
2139,DrawIndexed,8.68
2140,DrawIndexed,11.12
2141,DrawIndexed,15.84
2142,DrawIndexed,22.12
2143,DrawIndexed,20.04
2144,DrawIndexed,9.84
2145,DrawIndexed,7.56
2146,DrawIndexed,7.2
2147,DrawIndexed,6.24
2148,DrawIndexed,6.4
2149,DrawIndexed,6.4
2150,DrawIndexed,25.08
2151,DrawIndexed,6.84
2152,DrawIndexed,6.32
2153,DrawIndexed,6.4
2154,DrawIndexed,6.68
2155,DrawIndexed,6.36
2156,DrawIndexed,6.44
2157,DrawIndexed,6.92
2158,DrawIndexed,6.68
2159,DrawIndexed,6.68
2160,DrawIndexedInstanced,7.24
2161,DrawIndexed,6.12
2162,DrawIndexed,7.12
2163,DrawIndexed,6.24
2164,DrawIndexed,7.24
2165,DrawIndexed,6.12
2166,DrawIndexedInstanced,7.04
2167,DrawIndexed,6.32
2168,DrawIndexed,9.6
2169,DrawIndexed,7.48
2170,DrawIndexed,8.56
2171,DrawIndexed,8.84
2172,DrawIndexed,6.44
2173,DrawIndexed,6.52
2174,DrawIndexed,7.2
2175,DrawIndexed,5.28
2176,DrawIndexed,6.28
2177,DrawIndexed,24.56
2178,DrawIndexed,21.6
2179,DrawIndexed,6.28
2180,DrawIndexed,6.36
2181,DrawIndexed,23.32
2182,DrawIndexedInstanced,5.72
2183,DrawIndexed,5.32
2184,DrawIndexedInstanced,5.84
2185,DrawIndexed,5.52
2186,DrawIndexed,6.08
2187,DrawIndexed,6.28
2188,DrawIndexed,5.6
2189,DrawIndexed,5.76
2190,DrawIndexed,5.24
2191,DrawIndexed,21.12
2192,DrawIndexed,6.64
2193,DrawIndexed,6.56
2194,DrawIndexed,20.68
2195,DrawIndexed,6.76
2196,DrawIndexed,22.96
2197,DrawIndexed,19.92
2198,DrawIndexed,19.68
2199,DrawIndexed,20.08
2200,DrawIndexed,23.96
2201,DrawIndexed,23.4
2202,DrawIndexed,19.68
2203,DrawIndexed,20.48
2204,DrawIndexed,20.28
2205,DrawIndexed,5.92
2206,DrawIndexed,20.72
2207,DrawIndexed,7.12
2208,DrawIndexed,21.12
2209,DrawIndexed,23
2210,DrawIndexed,22.84
2211,DrawIndexed,21.28
2212,DrawIndexed,5.52
2213,DrawIndexed,6.28
2214,DrawIndexed,5.8
2215,DrawIndexed,9.2
2216,DrawIndexed,5.8
2217,DrawIndexed,15.08
2218,DrawIndexed,6.08
2219,DrawIndexed,7.16
2220,DrawIndexed,5.6
2221,DrawIndexed,6.24
2222,DrawIndexed,6
2223,DrawIndexed,6.2
2224,DrawIndexed,5
2225,DrawIndexed,11.04
2226,DrawIndexed,8.96
2227,DrawIndexed,12
2228,DrawIndexed,10.28
2229,DrawIndexed,9
2230,DrawIndexed,4.36
2231,DrawIndexed,8.96
2232,DrawIndexed,10.4
2233,DrawIndexed,10.44
2234,DrawIndexed,16.28
2235,DrawIndexed,20.8
2236,DrawIndexed,728.12
2237,Dispatch,59.52
2238,DrawIndexed,869.04
2239,DrawIndexed,346.8
2240,DrawIndexed,320.36
2241,DrawIndexed,164.68
2242,DrawIndexed,86.6
2243,DrawIndexed,48.92
2244,DrawIndexed,29.96
2245,DrawIndexed,19.56
2246,DrawIndexed,12.32
2247,DrawIndexed,13.44
2248,DrawIndexed,14.48
2249,DrawIndexed,23.44
2250,DrawIndexed,35.64
2251,DrawIndexed,61.56
2252,DrawIndexed,113.64
2253,DrawIndexed,1055.72
2254,DrawIndexed,1173.8
2255,DrawIndexed,817.36
2256,DrawIndexed,913.24
2257,DrawIndexed,928.76
2258,DrawIndexed,789.36
2259,DrawIndexed,1067.24
2260,DrawIndexed,768.08
2261,ClearRenderTargetView,8.12
2262,ClearRenderTargetView,7.64
2263,ClearRenderTargetView,8.4
2264,ClearDepthStencilView,10.68
2265,CopyResource,637.44
2266,ClearRenderTargetView,0.56
2267,DrawIndexed,380.16
2268,DrawIndexed,58.96
2269,DrawIndexed,381.96
2270,DrawIndexed,18.64
2271,DrawIndexed,10.92
2272,DrawIndexed,11.56
2273,DrawIndexed,8.72
2274,DrawIndexed,22.8
2275,DrawIndexed,21.8
2276,DrawIndexed,23
2277,DrawIndexed,15.44
2278,DrawIndexed,8.32
2279,DrawIndexed,19.8
2280,DrawIndexed,6.52
2281,DrawIndexed,19.64
2282,DrawIndexed,59.92
2283,DrawIndexed,10.92
2284,DrawIndexed,10.24
2285,DrawIndexed,11.52
2286,DrawIndexed,11.56
2287,DrawIndexed,10.4
2288,DrawIndexed,11.2
2289,DrawIndexed,4.6
2290,DrawIndexed,4.04
2291,DrawIndexed,4
2292,DrawIndexed,4.56
2293,DrawIndexed,3.48
2294,DrawIndexed,11.36
2295,DrawIndexed,3.4
2296,DrawIndexed,9.32
2297,DrawIndexed,19.16
2298,DrawIndexed,11.68
2299,DrawIndexed,11.12
2300,DrawIndexed,10.48
2301,DrawIndexed,11.64
2302,DrawIndexed,55.96
2303,DrawIndexed,14.6
2304,DrawIndexed,14.88
2305,DrawIndexed,9.16
2306,DrawIndexed,6.96
2307,DrawIndexed,15.12
2308,DrawIndexed,12.48
2309,DrawIndexed,7.84
2310,DrawIndexed,19.4
2311,DrawIndexed,18.6
2312,DrawIndexed,22.56
2313,DrawIndexed,15.84
2314,DrawIndexed,21.52
2315,DrawIndexed,19.68
2316,DrawIndexed,27.44
2317,DrawIndexed,19.6
2318,DrawIndexed,21.56
2319,DrawIndexed,20.8
2320,DrawIndexed,20.6
2321,DrawIndexed,19.08
2322,DrawIndexed,16.32
2323,DrawIndexed,8.92
2324,DrawIndexed,14.88
2325,DrawIndexed,8.04
2326,DrawIndexed,7.88
2327,DrawIndexed,7.48
2328,DrawIndexed,11.68
2329,DrawIndexed,28.92
2330,DrawIndexed,8.8
2331,DrawIndexed,22.72
2332,DrawIndexed,18.6
2333,DrawIndexed,8.2
2334,DrawIndexed,11.84
2335,DrawIndexed,9.92
2336,DrawIndexed,13.12
2337,DrawIndexed,516.24
2338,ClearDepthStencilView,10.16
2339,DrawIndexed,33.44
2340,DrawIndexed,8.8
2341,DrawIndexed,16.48
2342,DrawIndexed,17.2
2343,DrawIndexed,15.56
2344,DrawIndexed,7.44
2345,DrawIndexed,11.32
2346,DrawIndexed,8.16
2347,DrawIndexed,7.92
2348,DrawIndexed,7.08
2349,DrawIndexed,8.92
2350,DrawIndexed,7.16
2351,DrawIndexed,8.08
2352,DrawIndexed,639.12
